<?xml version="1.0" encoding="UTF-8"?>
<beans xmlns="http://www.springframework.org/schema/beans"
	xmlns:xsi="http://www.w3.org/2001/XMLSchema-instance"
	xsi:schemaLocation="http://www.springframework.org/schema/beans http://www.springframework.org/schema/beans/spring-beans.xsd">

	<!-- WishDaoImp 빈 선언 -->
	<bean id="wishDao" class="shopping.dao.WishDaoImp">
		<property name="sqlSession" ref="sqlSession" />
	</bean>

	<!-- WishServiceImp 빈 선언 -->
	<bean id="wishService" class="shopping.service.WishServiceImp">
		<property name="wishDao" ref="wishDao" />
	</bean>

	<!-- WishController 빈 선언 -->
	<bean class="wish.controller.WishController">
		<property name="wishService" ref="wishService" />
	</bean>

</beans>
