<?xml version="1.0" encoding="UTF-8"?>
<!DOCTYPE mapper
    PUBLIC "-//mybatis.org//DTD Mapper 3.0//EN"
    "https://mybatis.org/dtd/mybatis-3-mapper.dtd">
    
        
 <mapper namespace="member">
 
	 <!-- 회원가입 -->
	 <insert id="insertMember" parameterType="member.dto.MemberDTO">
	 	<![CDATA[
	 		INSERT INTO member(id, nick_name, user_pass, user_name, email, phone, address, gender, date_birthday)
	 		VALUES(#{id, jdbcType=VARCHAR}, #{nick_name, jdbcType=VARCHAR}, #{user_pass, jdbcType=VARCHAR}, #{user_name, jdbcType=VARCHAR}, #{email, jdbcType=VARCHAR}, #{phone, jdbcType=VARCHAR}, #{address, jdbcType=VARCHAR}, #{gender, jdbcType=VARCHAR}, #{date_birthday, jdbcType=VARCHAR})	
	 	]]>
	 </insert>
	 
 	 <!-- id조회 -->
 	<select id="selectById" parameterType="string" resultType="member.dto.MemberDTO">
 		SELECT * FROM member
 		WHERE id = #{id}
 	</select>
 
 	<!-- 회원 정보 수정 -->
 	<update id="updateMember" parameterType="member.dto.MemberDTO">
 		UPDATE member
 		SET user_pass=#{user_pass,jdbcType=VARCHAR}, user_name=#{user_name, jdbcType=VARCHAR}, phone=#{phone, jdbcType=VARCHAR}, email=#{email, jdbcType=VARCHAR}, address=#{address, jdbcType=VARCHAR}, gender=#{gender, jdbcType=VARCHAR}, date_birthday=#{date_birthday, jdbcType=VARCHAR}
 		WHERE id=#{id}
 	</update>
 	
 	<!-- 비밀번호 변경 -->
 	<update id="updateByPass" parameterType="member.dto.MemberDTO">
 		UPDATE member
 		SET user_pass=#{user_pass, jdbcType=VARCHAR}
 		WHERE id=#{id}
 	</update>
 	
 	<!-- 회원탈퇴 -->
 	<delete id="deleteMember" parameterType="string">
 		DELETE FROM member
 		WHERE id=#{id}
 	</delete>
 </mapper>